<?xml version="1.0" encoding="utf-8"?>
<main>
<picture>about.jpg</picture>
<title><![CDATA[About us]]></title>
<text><![CDATA[This is a text module - the text comes from an external XML file. You can also specify the image on the right. Special Characters àáâ<B>ãäß</B> é <I>ê</I> í <B><I>ü</I></B>.
Consectetuer adipiscing elit. Maecenas elementum scelerisque velit. Vivamus semper nulla sed elit. Duis dictum, lorem ac fermentum vulputate, arcu ante interdum ligula, lobortis condimentum purus velit bibendum neque. Praesent scelerisque consequat ipsum. Suspendisse potenti. Morbi vestibulum magna at neque faucibus tristique. Donec velit. Ut facilisis vehicula est. Morbi id libero vitae turpis vulputate lacinia. Maecenas dolor. Sed congue felis non sem. Class aptent taciti sociosqu ad litora torquent per conubia nostra, per inceptos himenaeos. Curabitur quis ante a orci interdum eleifend. Pellentesque nec turpis vel dui consequat porta. In non felis a sapien aliquet auctor.
Morbi quis turpis et pede tempus lobortis. Fusce quis urna. Ut sollicitudin gravida sapien. Sed sit amet mi. Quisque imperdiet, augue eu iaculis pellentesque, tellus tortor feugiat elit, ut venenatis est est ut nisi. Praesent id nibh id eros pretium gravida. Vivamus molestie semper massa. Duis luctus. Duis dolor nunc, faucibus quis, vehicula sit amet, ullamcorper in, justo. Praesent gravida sem. Morbi sit amet nunc nec augue venenatis venenatis. Maecenas molestie auctor libero. 
Phasellus ut tortor. Nunc faucibus ultricies ligula. Suspendisse tellus velit, volutpat nec, ultricies quis, lacinia eget, nibh. Morbi molestie. Donec ultrices tincidunt nulla. Sed vel justo facilisis velit sagittis faucibus. Cras erat. Vivamus nulla lectus, luctus quis, accumsan in, pellentesque quis, massa. Vivamus pharetra, diam sit amet mattis dictum, mauris lorem hendrerit tortor, sed molestie augue ligula eu mi. Mauris mollis.
Fusce hendrerit ipsum. Donec id eros quis ligula ultricies cursus. Etiam sit amet pede ac lacus dignissim aliquet. Phasellus bibendum. Curabitur lorem ipsum, sagittis nec, posuere ac, mattis vitae, est. In facilisis eleifend ipsum. Aliquam mollis. Aenean malesuada orci a neque. Duis vulputate. Maecenas dapibus. Phasellus congue nisi quis diam. 
Lorem ipsum dolor sit amet, consectetur adipiscing elit. Maecenas suscipit nunc id massa. Vestibulum eu est. Cum sociis natoque penatibus et magnis dis parturient montes, nascetur ridiculus mus. Proin lacus nisl, sollicitudin at, aliquam eget, iaculis et, tellus. Praesent porta metus vel odio. Sed vulputate, est at condimentum lobortis, ligula magna lobortis leo, in rutrum augue magna mattis leo. Vestibulum a erat. Aliquam erat volutpat. Cum sociis natoque penatibus et magnis dis parturient montes, nascetur ridiculus mus. Curabitur quam orci, viverra sit amet, porttitor at, venenatis commodo, arcu. Duis facilisis lorem eu neque. Morbi auctor. Lorem ipsum dolor sit amet, consectetur adipiscing elit. Integer hendrerit ipsum a enim. Mauris vel nunc sed justo facilisis pulvinar. Maecenas fringilla, tellus imperdiet volutpat consequat, turpis nisi congue risus, sit amet adipiscing mi neque vitae libero. In a tortor.
Quisque non nibh sit amet velit fermentum consequat. Aliquam auctor nisl quis neque. Praesent euismod, felis at molestie dapibus, turpis mi lacinia arcu, sed suscipit mauris odio ut mi. Sed nunc. In hac habitasse platea dictumst. Pellentesque habitant morbi tristique senectus et netus et malesuada fames ac turpis egestas. Donec elit metus, consequat accumsan, pulvinar eu, venenatis eget, dolor. In posuere tellus nec nunc. Ut non velit. Phasellus ultricies molestie urna. Morbi porta, lectus sed placerat euismod, erat leo accumsan mi, vel rhoncus ligula pede eget purus. Sed lacinia metus. Aliquam erat volutpat. Nulla in quam eget felis suscipit cursus. Vestibulum dictum tempor tortor. Maecenas lacus nisi, pellentesque a, tincidunt non, convallis vitae, dolor.
Praesent fermentum euismod pede. Morbi ac purus. Duis dictum viverra pede. Phasellus tortor dolor, accumsan nec, tristique eget, pellentesque quis, metus. Etiam nulla sapien, aliquet vitae, tempus quis, vulputate quis, augue. Sed lacus. Sed dui. Suspendisse consectetur sodales nibh. Maecenas condimentum ullamcorper ante. Integer a quam. Suspendisse odio tortor, convallis nec, dictum a, tempus sit amet, urna. Etiam dignissim risus eget orci. Nulla lacinia accumsan mi. Vivamus lorem massa, scelerisque ac, iaculis et, adipiscing tincidunt, mauris. Pellentesque adipiscing ornare nisi. Aliquam eget ante. 
]]></text>
</main>