﻿<?xml version="1.0" encoding="utf-8"?>
<main>
<picture>fotos.swf</picture>
<title><![CDATA[Guestrooms]]></title>
<text><![CDATA[All guestrooms have been designed to satisfy the requirements of our guests. They are ample, comfortable, light and boasting of a delicate decoration.
They are equipped with fine and updated technology and facilities: IDD, NDD, electronic locks, electricity shut off by electronic card, state-of-the-art central telephone, minibar, safe deposit box, sound-proof windows, sommiers, Room Service, central heating and air-conditioning system, medical assistance on emergencies, 24-hour security staff and Wi Fi area, among many other facilities, and last but not least: a panoramic view of 9 de Julio Avenue.
The hotel features double and triple rooms, junior suites, de-luxe rooms as well as non-smoking guestrooms.


<B>Room Rates:</B>
Please, consult our special rates for residents.
We kindly invite you to consult our corporate rates.
]]></text>
</main>