﻿<?xml version="1.0" encoding="utf-8"?>
<main>
<picture>fotos.swf</picture>
<title><![CDATA[Habitaciones]]></title>
<text><![CDATA[Todas las habitaciones han sido diseñadas para satisfacer los requerimientos de nuestros huéspedes. Son amplias, confortables, luminosas y delicadamente decoradas.
Están dotadas de las más modernas prestaciones y tecnología: 
• DDI - DDN
• Cerradura electrónica, corta corriente eléctrica a través de la tarjeta magnética
• Central telefónica de última generación
• Frigobar
• Cofre de seguridad
• Ventanas con aislamiento acústico
• Colchones con sommier
• Excelente vista a la Avenida 9 de Julio
• Room service
• Climatización por calefacción central y aire acondicionado split
• Primera atención de emergencias médicas -  Área protegida
• Acceso a Wi Fi
• Personal de Seguridad las 24 hs.
• Entre otras tantas comodidades.  
Hay habitaciones dobles, triples, junior suites, de lujo y también tenemos para no fumadores.

<B>Tarifas:</B>
Consulte por tarifas para residentes.
Consulte por tarifas corporativas. ]]></text>
</main>