﻿<?xml version="1.0" encoding="utf-8"?>
<main>
<picture>fotos.swf</picture>
<title><![CDATA[Facilities]]></title>
<text><![CDATA[<B>Bar – Coffee Shop</B>
The right place to start your day. Located on the mezzanine floor, it offers an excellent buffet breakfast, featuring first-quality homemade products.
<B>Restaurant</B>
The restaurant is also located on the mezzanine floor, where your are invited to savour and enjoy the delicious dishes of our fine cuisine. There is a wide selection of dishes offered in our executive menus, -as well as those in our à la carte menu-, to accompany your business or social meetings. Assorted coffee choices are provided all along the day. Daily happy hour.
<B>Gym</B>
We count with a modern gym for those who wish to keep fit while enjoying their stay at the hotel: state-of-the-art machines, heated room and a warm and friendly ambiance so that you feel comfortable during your work-out session.
<B>Business Center</B>
We offer Internet access, printer, fax and photocopying.
<B>WI-FI</B>
Internet access in the lobby and in the restaurant, the guestrooms and the public areas.
<B>Meeting rooms</B>
Two meeting rooms: 9 de Julio Salon and Obelisco Salon, which are suitable for corporate and social events.
<B>Laundry</B>
]]></text>
</main>