﻿<?xml version="1.0" encoding="utf-8"?>
<main>
<picture>fotos.swf</picture>
<title><![CDATA[Servicios]]></title>
<text><![CDATA[<B>Bar </B>
El espacio adecuado para comenzar el día. El Bar del entrepiso le brinda un excelente servicio de desayuno buffet, con productos artesanales y de primera calidad.
<B>Restaurante</B>
En el entrepiso se encuentra el restaurante, donde Ud. podrá disfrutar y saborear las exquisitas comidas de nuestra cocina. Para sus reuniones de negocios o placer, y también para su comodidad, le ofrecemos el mejor servicio  con variedad de platos en Menú Ejecutivo o la Carta. Para complementar, durante el resto del día, tenemos una variada cafetería. Horario de Happy Hour todas las tardes.
<B>Gimnasio</B>
Contamos con un moderno gimnasio para aquellos que quieren seguir en forma mientras disfrutan de su estadía en el hotel. Equipos de primer nivel, ambiente climatizado y una decoración cálida y acogedora, para que esté a gusto mientras hace sus ejercicios.
<B>Business Center</B>
Contamos con  computadoras con acceso a Internet. Con servicio de  impresión, envíos de fax y fotocopiado.
<B>WI-FI</B>
Acceso a Internet  en el lobby, en el Restaurante, en las habitaciones y en las áreas públicas.
<B>Salones</B>
Contamos con los Salones Obelisco y 9 de Julio, para eventos empresariales y sociales.
<B>Servicio de Lavandería</B>
]]></text>
</main>