﻿<?xml version="1.0" encoding="utf-8"?>
<contactinfo>
	<info><![CDATA[<b>BRISTOL HOTEL</b><BR>Cerrito 286 (C1010AAF)<BR>Buenos Aires – Argentine<BR>Phone: (54-11) 5252-6400 and other automatic lines<BR>Fax: (54-11) 4382-3284<BR>
<b>Reservations</b><BR>Sebastián Miranda<BR>Esteban Kenig<BR><a href="mailto:reservas@hotelbristol.com.ar">reservas@hotelbristol.com.ar</a><BR>
<b>Sales</b><BR>Nora M. Leiva<BR><a href="mailto:ventas@hotelbristol.com.ar">ventas@hotelbristol.com.ar</a><BR>
]]>
	</info>
</contactinfo>