﻿<?xml version="1.0" encoding="utf-8"?>
<contactinfo>
	<info><![CDATA[<b>BRISTOL HOTEL</b><BR>Cerrito 286 (C1010AAF)<BR>Buenos Aires – Argentina<BR>Tel.: (54-11) 5252-6400 líneas rotativas<BR>Fax: (54-11) 4382-3284<BR>
<b>Ventas y Reservas</b><BR><BR>Esteban Kenig<BR><a href="mailto:reservas@hotelbristol.com.ar">reservas@hotelbristol.com.ar</a><BR><BR>Emanuel Pagani<BR><a href="mailto:grupos@hotelbristol.com.ar">grupos@hotelbristol.com.ar</a><BR><BR>Nora M. Leiva<BR><a href="mailto:ventas@hotelbristol.com.ar">ventas@hotelbristol.com.ar</a><BR>]]>
	</info>
</contactinfo>