﻿<?xml version="1.0" encoding="utf-8"?>
<news>
	<item>
		<title><![CDATA[Noche de Bodas]]></title>
		<date><![CDATA[Promo 2010]]></date>
		<thumbnail>images/boda.jpg</thumbnail>
		<blurb><![CDATA[Una noche única]]></blurb>
		<text><![CDATA[<B>El servicio Incluye:</B>
- Desayuno Buffet servido en la habitación
- Recepción con Champaña y copas de regalo
- 1 Caja de Madera finamente decorada con Bombones
- Amenities VIP
- Late check out 18 hs.

<B>PRECIO: $ 450.- iva incluído.</B>

<a href="http://www.sitiodigital.com/clientes/bristol3/images/boda.html" target="_blank">VER AVISO</a>

 ]]></text>
	</item>
	<item>
		<title><![CDATA[Vacaciones en familia]]></title>
		<date><![CDATA[January 17, 2009]]></date>
		<thumbnail>images/alo2.jpg</thumbnail>
		<blurb><![CDATA[Este Veranos en Bristol Hotel]]></blurb>
		<text><![CDATA[Ut a odio in magna cursus faucibus. Nunc adipiscing orci vitae enim. Sed pretium tempor diam. Cras nibh. Quisque varius euismod nibh. Aenean cursus justo vel odio pulvinar pharetra. Phasellus tempor, erat a tincidunt porta, sem sem dignissim urna, at tristique felis enim a ante. Nunc id quam. Mauris blandit justo sit amet quam. Cras posuere, dui nec sollicitudin scelerisque, pede neque lacinia mauris, a fermentum dolor nunc ut sapien. Vestibulum congue blandit dolor. Proin iaculis pulvinar diam. Phasellus quis tellus sed lacus condimentum dignissim. Integer pellentesque luctus erat. Maecenas in urna at velit tincidunt viverra. Nullam mattis pede ut nulla. Etiam tincidunt.
Donec porta velit sed ligula. Nullam ullamcorper magna et quam. Integer metus leo, dapibus at, vestibulum quis, faucibus et, nisl. In hac habitasse platea dictumst. Phasellus gravida. Fusce orci nibh, posuere dictum, luctus sit amet, sagittis in, nunc. Vivamus ultrices ultricies mauris. Ut pede metus, adipiscing adipiscing, egestas eget, blandit at, eros. Lorem ipsum dolor sit amet, consectetur adipiscing elit. Phasellus eu mauris vel tortor dignissim tristique. Suspendisse eu diam eget turpis viverra aliquam. Curabitur urna. Donec vestibulum, magna ac vulputate dictum, ligula augue hendrerit nibh, nec adipiscing tortor arcu vel magna.
Etiam convallis risus quis turpis. Aliquam vitae odio. Vivamus a urna. Phasellus a sapien. Fusce dignissim ullamcorper neque. Aliquam arcu pede, fringilla in, sollicitudin id, sagittis sit amet, orci. Cras interdum, lacus sit amet gravida imperdiet, nisi augue faucibus lorem, non tincidunt augue sem sed ipsum. In nec risus. Morbi non mi. In nunc leo, tempus ut, pulvinar eget, fringilla in, neque. Sed et quam eu turpis congue iaculis. Curabitur tellus nulla, consequat eget, aliquam sed, tempus ac, est. Morbi sed erat quis justo facilisis tristique. Nunc lorem nulla, dignissim nec, tincidunt in, tincidunt et, nibh. Curabitur pharetra vulputate augue. Sed sed dui id sem sagittis fermentum.
Nullam faucibus est eget est. Donec pellentesque varius quam. Sed lectus massa, tristique vel, porta sagittis, elementum ac, enim. Mauris suscipit commodo mi. Donec pulvinar tincidunt velit. Nulla facilisi. Cum sociis natoque penatibus et magnis dis parturient montes, nascetur ridiculus mus. Lorem ipsum dolor sit amet, consectetur adipiscing elit. Pellentesque habitant morbi tristique senectus et netus et malesuada fames ac turpis egestas. Nullam in tortor. Vestibulum venenatis, dui in gravida gravida, sem enim mollis risus, eu ultrices odio velit at enim. Maecenas ac orci. Sed vestibulum, urna vitae lacinia blandit, dolor urna ullamcorper arcu, vitae laoreet erat eros eu tellus. Nunc id odio non ante viverra hendrerit. Pellentesque ut justo nec erat tristique suscipit. Nullam viverra lorem vel urna. Vivamus euismod turpis vitae purus.  ]]></text>
	</item>
	<item>
		<title><![CDATA[Fin de Semana]]></title>
		<date><![CDATA[February 2, 2009]]></date>
		<thumbnail>images/alo1.jpg</thumbnail>
		<blurb><![CDATA[Promoción Semana Santa]]></blurb>
		<text><![CDATA[Special Characters àáâ<B>ãäß</B> é <I>ê</I> í <B><I>ü</I></B>. Lorem ipsum dolor sit amet, consectetur adipiscing elit. <a href="http://www.flashden.net/">Sed euismod</a>. Nulla vestibulum, massa non venenatis commodo, elit massa sodales metus, dignissim posuere nisl sapien vitae metus. Aliquam aliquam tellus quis felis. Maecenas rhoncus tellus at dui. Phasellus vulputate mi eget sapien. Donec ut nisi sit amet tortor condimentum sollicitudin. Quisque fringilla aliquet turpis. Mauris pulvinar pretium enim. Ut sapien. Nam et felis. Vestibulum dictum urna vel risus.
Fusce vel lorem. Pellentesque posuere facilisis sapien. Donec placerat. Curabitur pharetra tellus ac magna. In pretium nibh. Proin nec eros. Aliquam varius augue nec mi. Proin sed est ullamcorper quam facilisis pharetra. Nulla libero lacus, adipiscing non, vestibulum blandit, consectetur quis, mi. Pellentesque justo. Praesent sit amet urna at tellus imperdiet venenatis. Curabitur sed tellus. Ut convallis tristique turpis. In ullamcorper, mauris placerat ultricies vulputate, leo justo pellentesque odio, non feugiat risus metus elementum ipsum.
Morbi iaculis iaculis metus. Nullam neque ipsum, dictum quis, faucibus eu, varius posuere, leo. Nulla facilisi. Suspendisse molestie felis id nisl. Donec sit amet pede sit amet nisl rhoncus venenatis. Donec vitae nisl sit amet nunc accumsan bibendum. Suspendisse eu turpis. Maecenas non leo ultrices eros fermentum bibendum. Sed faucibus, nunc vitae bibendum aliquet, elit sem faucibus leo, sed vehicula purus dolor id magna. Nullam at eros. Aenean et ipsum. Nunc sodales. Suspendisse potenti. Duis lacinia. Vivamus interdum tincidunt odio. Vivamus eget ipsum. Curabitur tempus, dolor non euismod ornare, turpis velit suscipit pede, ut tempor dolor massa vel tellus. Phasellus dolor lorem, laoreet eu, dignissim sit amet, congue ac, sapien. Sed feugiat accumsan diam. Praesent bibendum, enim nec semper lobortis, nibh quam tincidunt lorem, et porta augue magna mattis massa.

 ]]></text>
	</item>
<item>



	</item>
<item>



	</item>

</news>