﻿<?xml version="1.0" encoding="utf-8"?>
<news>
	<item>
		<title><![CDATA[Conferencias Bristol]]></title>
		<date><![CDATA[January 20, 2009]]></date>
		<thumbnail>images/even1.jpg</thumbnail>
		<blurb><![CDATA[A cargo de la Licenciada Nora ]]></blurb>
		<text><![CDATA[Donec porta velit sed ligula. Nullam ullamcorper magna et quam. Integer metus leo, dapibus at, vestibulum quis, faucibus et, nisl. In hac habitasse platea dictumst. Phasellus gravida. Fusce orci nibh, posuere dictum, luctus sit amet, sagittis in, nunc. Vivamus ultrices ultricies mauris. Ut pede metus, adipiscing adipiscing, egestas eget, blandit at, eros. Lorem ipsum dolor sit amet, consectetur adipiscing elit. Phasellus eu mauris vel tortor dignissim tristique. Suspendisse eu diam eget turpis viverra aliquam. Curabitur urna. Donec vestibulum, magna ac vulputate dictum, ligula augue hendrerit nibh, nec adipiscing tortor arcu vel magna.
Etiam convallis risus quis turpis. Aliquam vitae odio. Vivamus a urna. Phasellus a sapien. Fusce dignissim ullamcorper neque. Aliquam arcu pede, fringilla in, sollicitudin id, sagittis sit amet, orci. Cras interdum, lacus sit amet gravida imperdiet, nisi augue faucibus lorem, non tincidunt augue sem sed ipsum. In nec risus. Morbi non mi. In nunc leo, tempus ut, pulvinar eget, fringilla in, neque. Sed et quam eu turpis congue iaculis. Curabitur tellus nulla, consequat eget, aliquam sed, tempus ac, est. Morbi sed erat quis justo facilisis tristique. Nunc lorem nulla, dignissim nec, tincidunt in, tincidunt et, nibh. Curabitur pharetra vulputate augue. Sed sed dui id sem sagittis fermentum.]]></text>
	</item>
	<item>
		<title><![CDATA[Seminarios Científicos]]></title>
		<date><![CDATA[January 1, 2009]]></date>
		<thumbnail>images/even2.jpg</thumbnail>
		<blurb><![CDATA[Ciencia del Nuevo Milenio]]></blurb>
		<text><![CDATA[Etiam quis risus sed ipsum aliquam facilisis. Suspendisse potenti. Nulla tincidunt felis id nunc congue aliquam. Aenean viverra lacus at lorem. Pellentesque habitant morbi tristique senectus et netus et malesuada fames ac turpis egestas. Fusce lobortis. Nulla semper, enim vitae scelerisque scelerisque, ante dui cursus sem, in sagittis tortor dolor a lorem. Nullam aliquam. Suspendisse a ipsum. Vestibulum ultricies. Etiam placerat est venenatis risus malesuada sagittis. Nam sit amet enim nec nisl rhoncus pharetra. Fusce a mi. Suspendisse potenti. Pellentesque nibh. Curabitur libero magna, sollicitudin non, molestie a, aliquam nec, metus. In ultricies risus quis turpis. Aenean nunc nisl, dignissim at, vulputate quis, interdum id, metus. Etiam nec felis. In semper.
Sed in massa. Aliquam lacinia libero eu elit. Phasellus urna. Sed eu leo. Cras nibh. Vivamus erat tortor, sollicitudin ac, mollis quis, lacinia sit amet, nisi. Curabitur cursus lacinia neque. Donec pede. Aliquam aliquam velit nec metus. Aenean sollicitudin mi ac risus. Donec feugiat sodales neque. Praesent non nisi. Duis congue leo eget est. Pellentesque id eros posuere lorem gravida tincidunt. Vestibulum egestas convallis lacus. Vestibulum ante ipsum primis in faucibus orci luctus et ultrices posuere cubilia Curae; Sed mollis, arcu vitae consectetur imperdiet, sem erat egestas leo, ut lobortis diam velit id lectus. Nullam pulvinar iaculis turpis.  ]]></text>
	</item>

</news>