﻿<?xml version="1.0" encoding="utf-8"?>
<news>
	<item>
		<title><![CDATA[Comida Asiática]]></title>
		<date><![CDATA[January 15, 2009]]></date>
		<thumbnail>images/resto2.jpg</thumbnail>
		<blurb><![CDATA[Delicias del Chef Lee Chong]]></blurb>
		<text><![CDATA[Lorem ipsum dolor sit amet, consectetur adipiscing elit. Nam vestibulum ante sit amet felis. Quisque risus nisi, suscipit ornare, lacinia ut, auctor sed, ligula. Praesent quam. Donec tortor lorem, porttitor non, accumsan id, mollis quis, massa. Vestibulum dapibus iaculis diam. Fusce libero. Mauris turpis tellus, faucibus placerat, fringilla a, tincidunt non, pede. Mauris et magna. Pellentesque egestas nibh ullamcorper odio. Aliquam erat volutpat. Nam nulla massa, euismod in, porttitor ut, dictum et, erat. Vivamus suscipit. Cum sociis natoque penatibus et magnis dis parturient montes, nascetur ridiculus mus.
Suspendisse accumsan tempus augue. Praesent sed nisi posuere nisi euismod vulputate. Integer quam. Aliquam purus tortor, condimentum id, sollicitudin sed, aliquet sed, odio. Morbi at dolor sed nulla lacinia semper. Nulla eros. Suspendisse pharetra. Nullam eget tellus. Duis posuere neque ac risus dictum dictum. Nam in libero nec arcu blandit ultricies. Duis tincidunt turpis sit amet neque. Morbi pretium enim ut massa. Pellentesque vel risus. In ac urna. Sed nunc tellus, porttitor vel, consequat ut, bibendum in, ipsum. Nulla dignissim. Donec nec augue. Etiam mollis cursus lacus. Vestibulum ligula.
Etiam quis risus sed ipsum aliquam facilisis. Suspendisse potenti. Nulla tincidunt felis id nunc congue aliquam. Aenean viverra lacus at lorem. Pellentesque habitant morbi tristique senectus et netus et malesuada fames ac turpis egestas. Fusce lobortis. Nulla semper, enim vitae scelerisque scelerisque, ante dui cursus sem, in sagittis tortor dolor a lorem. Nullam aliquam. Suspendisse a ipsum. Vestibulum ultricies. Etiam placerat est venenatis risus malesuada sagittis. Nam sit amet enim nec nisl rhoncus pharetra. Fusce a mi. Suspendisse potenti. Pellentesque nibh. Curabitur libero magna, sollicitudin non, molestie a, aliquam nec, metus. In ultricies risus quis turpis. Aenean nunc nisl, dignissim at, vulputate quis, interdum id, metus. Etiam nec felis. In semper.
Sed in massa. Aliquam lacinia libero eu elit. Phasellus urna. Sed eu leo. Cras nibh. Vivamus erat tortor, sollicitudin ac, mollis quis, lacinia sit amet, nisi. Curabitur cursus lacinia neque. Donec pede. Aliquam aliquam velit nec metus. Aenean sollicitudin mi ac risus. Donec feugiat sodales neque. Praesent non nisi. Duis congue leo eget est. Pellentesque id eros posuere lorem gravida tincidunt. Vestibulum egestas convallis lacus. Vestibulum ante ipsum primis in faucibus orci luctus et ultrices posuere cubilia Curae; Sed mollis, arcu vitae consectetur imperdiet, sem erat egestas leo, ut lobortis diam velit id lectus. Nullam pulvinar iaculis turpis. ]]></text>
	</item>
	<item>
		<title><![CDATA[Bristol a la Carta]]></title>
		<date><![CDATA[January 31, 2009]]></date>
		<thumbnail>images/resto1.jpg</thumbnail>
		<blurb><![CDATA[Sugerencias de Hotel Bristol]]></blurb>
		<text><![CDATA[Lorem ipsum dolor sit amet, consectetur adipiscing elit. Donec accumsan lacinia purus. Cras eu mauris id dolor viverra vehicula. Ut venenatis mollis diam. Duis malesuada. Aliquam velit odio, varius et, sagittis nec, accumsan ut, velit. Donec ultricies dolor eu leo. Pellentesque ultrices. Curabitur orci augue, porta eget, placerat non, porta rutrum, lorem. Nunc iaculis aliquet lectus. Nam ullamcorper. Nulla ullamcorper lorem dictum libero. Aliquam erat volutpat.
Ut a odio in magna cursus faucibus. Nunc adipiscing orci vitae enim. Sed pretium tempor diam. Cras nibh. Quisque varius euismod nibh. Aenean cursus justo vel odio pulvinar pharetra. Phasellus tempor, erat a tincidunt porta, sem sem dignissim urna, at tristique felis enim a ante. Nunc id quam. Mauris blandit justo sit amet quam. Cras posuere, dui nec sollicitudin scelerisque, pede neque lacinia mauris, a fermentum dolor nunc ut sapien. Vestibulum congue blandit dolor. Proin iaculis pulvinar diam. Phasellus quis tellus sed lacus condimentum dignissim. Integer pellentesque luctus erat. Maecenas in urna at velit tincidunt viverra. Nullam mattis pede ut nulla. Etiam tincidunt.
Donec porta velit sed ligula. Nullam ullamcorper magna et quam. Integer metus leo, dapibus at, vestibulum quis, faucibus et, nisl. In hac habitasse platea dictumst. Phasellus gravida. Fusce orci nibh, posuere dictum, luctus sit amet, sagittis in, nunc. Vivamus ultrices ultricies mauris. Ut pede metus, adipiscing adipiscing, egestas eget, blandit at, eros. Lorem ipsum dolor sit amet, consectetur adipiscing elit. Phasellus eu mauris vel tortor dignissim tristique. Suspendisse eu diam eget turpis viverra aliquam. Curabitur urna. Donec vestibulum, magna ac vulputate dictum, ligula augue hendrerit nibh, nec adipiscing tortor arcu vel magna.
Etiam convallis risus quis turpis. Aliquam vitae odio. Vivamus a urna. Phasellus a sapien. Fusce dignissim ullamcorper neque. Aliquam arcu pede, fringilla in, sollicitudin id, sagittis sit amet, orci. Cras interdum, lacus sit amet gravida imperdiet, nisi augue faucibus lorem, non tincidunt augue sem sed ipsum. In nec risus. Morbi non mi. In nunc leo, tempus ut, pulvinar eget, fringilla in, neque. Sed et quam eu turpis congue iaculis. Curabitur tellus nulla, consequat eget, aliquam sed, tempus ac, est. Morbi sed erat quis justo facilisis tristique. Nunc lorem nulla, dignissim nec, tincidunt in, tincidunt et, nibh. Curabitur pharetra vulputate augue. Sed sed dui id sem sagittis fermentum.  ]]></text>
	</item>

</news>