﻿<?xml version="1.0" encoding="utf-8"?>
<news>
	<item>
		<title><![CDATA[Noche de Bodas]]></title>
		<date><![CDATA[Una noche única]]></date>
		<thumbnail>images/boda.jpg</thumbnail>
		<blurb><![CDATA[*****]]></blurb>
		<text><![CDATA[<B>El servicio Incluye:</B>
- Desayuno Buffet servido en la habitación
- Recepción con Champaña y copas de regalo
- 1 Caja de Madera finamente decorada con Bombones
- Amenities VIP
- Late check out 18 hs.

<B>Para más información: <a href="mailto:ventas@hotelbristol.com.ar">ventas@hotelbristol.com.ar</a></B>

 ]]></text>
	</item>
	<item>
		<title><![CDATA[Menú Ejecutivo]]></title>
		<date><![CDATA[Restaurante del Plata]]></date>
		<thumbnail>images/resto1.jpg</thumbnail>
		<blurb><![CDATA[*****]]></blurb>
		<text><![CDATA[<B>Excelente Menú Ejecutivo que incluye:</B>
- Entrada
- Plato Principal
- Postre
- 1 Bebida
- Té o Café.

<B>Para más información: <a href="mailto:ventas@hotelbristol.com.ar">ventas@hotelbristol.com.ar</a></B>

]]></text>
	</item>
	<item>
		<title><![CDATA[Salones]]></title>
		<date><![CDATA[Gastronomía / Salones]]></date>
		<thumbnail>images/even1.jpg</thumbnail>
		<blurb><![CDATA[*****]]></blurb>
		<text><![CDATA[SOLICITANDO EL SERVICIO GASTRONÓMICO OBTENDRÁ UN IMPORTANTÍSIMO DESCUENTO!!

<B>Para más información: <a href="mailto:ventas@hotelbristol.com.ar">ventas@hotelbristol.com.ar</a></B>]]>

</text>
	</item>
	<item>
		<title><![CDATA[Happy Hours]]></title>
		<date><![CDATA[Bristol Bar]]></date>
		<thumbnail>images/even2.jpg</thumbnail>
		<blurb><![CDATA[*****]]></blurb>
		<text><![CDATA[Todos los días de 20 a 22 hs. Ud. tendrá el beneficio de Happy Hour en todas las bebidas con alcohol que consuma en el Bar Bristol.

<B>Para más información: <a href="mailto:ventas@hotelbristol.com.ar">ventas@hotelbristol.com.ar</a></B>]]></text>
	</item>
		

</news>