﻿<?xml version="1.0" encoding="utf-8"?>
<main>
<picture>hotel2.jpg</picture>
<title><![CDATA[Misión, Visión y Valores]]></title>
<text><![CDATA[<b>Misión:</b><BR>Brindar Hospitalidad a través de servicios confiables y personalizados que consistentemente excedan las expectativas de nuestros clientes, dentro de un clima cordial y cálido.<BR>
<b>Visión:</b><BR>Ser líderes en nuestra categoría adoptando procedimientos de calidad con una perspectiva de mejora continua.<BR>Alcanzar una ganancia justa y razonable para asegurar la prosperidad de la compañía y así poder ofrecer beneficios a largo plazo a nuestros accionistas, clientes, empleados y a la comunidad.<BR>
<b>Valores:</b><BR>• Actitud de servicio.<BR>• Capacitación continua.<BR>• Ética profesional.<BR>• Responsabilidad social.<BR>• Respeto en las relaciones humanas.<BR>• Adaptación al cambio.]]></text>
</main>