﻿<?xml version="1.0" encoding="utf-8"?>
<main>
<picture>hotel2.jpg</picture>
<title><![CDATA[Mission, Vision and Values]]></title>
<text><![CDATA[<b>Mission:</b><BR>Offer accommodation by delivering reliable and personalized services, constantly exceeding our guests’ expectations, in a friendly and warm environment.<BR>
<b>Vision:</b><BR>Be the leader in our category, incorporating quality standards and procedures with the perspective of a steady enhancement. Reach a fair and reasonable profit to sustain the company operation, thus being able to provide our shareholders, clients, employees and the community with long -term benefits.<BR>
<b>Values:</b><BR>• Service attitude.<BR>• Constant training.<BR>• Professional ethics.<BR>• Social commitment.<BR>• Respect for human relations.<BR>• Adaptation to change.]]></text>
</main>