﻿<?xml version="1.0" encoding="utf-8"?>
<main>
<picture>fotos_9j.swf</picture>
<title><![CDATA[9 de Julio Salon]]></title>
<text><![CDATA[The 9 de Julio Salon, -equipped with all necessary technology and facilities-, is the ideal place to carry out your events and presentations.
Salon arrangements will depend on the type of event that you intend to carry out.
The salon counts with a 32-inch LCD screen, platform, podium, Hi Fi equipment, overhead projector, microphones, lap microphones and writing material.
Please, do not hesitate to consult us about our food and beverage service to accompany your social or business meeting.  

<b>Features:</b>
Area - 56 square meters
<b>Arrangement capacities:</b>
Auditorium - 34 people
Banquet - 40 people
Cocktail - 70 people
Scholl Room - 27 personas
U-shape - 18 people
 
<a href="http://www.sitiodigital.com/clientes/bristol3/images/salones.pdf" target="_blank">Download PDF</a>
]]></text>
</main>