﻿<?xml version="1.0" encoding="utf-8"?>
<main>
<picture>salon_o.jpg</picture>
<title><![CDATA[Obelisco Salon]]></title>
<text><![CDATA[Located on the ground floor of the hotel and fully sound-proofed, the Obelisco Salon has been carefully thought of for the smooth development of your events and meetings. With its fine architecture and decoration, this salon is the ideal place to hold your business meetings and make use of your labour tools.
The salon counts with a 42-inch LCD screen, platform, podium, Hi Fi equipment, overhead projector, microphones, lap microphones and writing material.
Please, do not hesitate to consult us about our food and beverage service to accompany your social or business meeting.

<b>Features:</b>
Area - 35 square meters
<b>Arrangement capacities:</b>
Auditorium - 25 people
Banquet - 20 people
Cocktail - 25 people
Scholl Room - 18 personas
U-shape - 16 people
 
<a href="http://www.sitiodigital.com/clientes/bristol3/images/salones.pdf" target="_blank">Download PDF</a>
]]></text>
</main>