﻿<?xml version="1.0" encoding="utf-8"?>
<main>
<picture>fotos_9j.swf</picture>
<title><![CDATA[Salón 9 de Julio]]></title>
<text><![CDATA[El salón 9 de Julio, es ideal para sus eventos y presentaciones con el más alto nivel en calidad de servicio, sonido y ambientación. Su armando dependerá del destino que quiera imprimir al encuentro de negocios y cuenta con todos los recursos en cuanto a tecnología y servicios.
El salón cuenta con LCD 32´, tarima, podio, minicomponente, retroproyector, micrófonos solaperos y material de escritura.
Asimismo no deje de consultarnos sobre los Servicios Gastronómicos que estarán a su disposición para éstos eventos empresariales y sociales.

<b>Características:</b>
Superficie del Salón - 56 m2
<b>Capacidades:</b>
Auditorio - 34 personas
Banquete - 40 personas
Cocktail - 70 personas
Escuela - 27 personas
Montaje en U - 18 personas
 
<a href="http://www.sitiodigital.com/clientes/bristol3/images/salones.pdf" target="_blank">Bajar PDF</a>
]]></text>
</main>