﻿<?xml version="1.0" encoding="utf-8"?>
<main>
<picture>salon_o.jpg</picture>
<title><![CDATA[Salón Obelisco]]></title>
<text><![CDATA[Ubicado en la planta baja del Hotel y totalmente insonorizado el Salón Obelisco está pensado para el excelencia de sus eventos y reuniones. Con una fina arquitectura y una decoración acorde, puede realizar aquí sus reuniones laborales y utilizar sus herramientas de trabajo.
El Salón cuenta con LCD 42´, tarima, podio, minicomponente, retroproyector, micrófonos solaperos y material de escritura.
Asimismo no deje de consultarnos sobre los Servicios Gastronómicos  que estarán a su disposición para éstos eventos empresariales y sociales.

<b>Características:</b>
Superficie del Salón - 24 m2
<b>Capacidades:</b>
Auditorio - 25 personas
Banquete - 20 personas
Cocktail - 25 personas
Escuela - 18 personas
Montaje en U - 16 personas

<a href="http://www.sitiodigital.com/clientes/bristol3/images/salones.pdf" target="_blank">Bajar PDF</a>
]]></text>
</main>