﻿<?xml version="1.0" encoding="utf-8"?>
<news>
	<item>
		<title><![CDATA[Secretary of Tourism]]></title>
		<date><![CDATA[]]></date>
		<thumbnail>images/1.jpg</thumbnail>
		<blurb><![CDATA[Official site of tourism for the City of Buenos Aires]]></blurb>
		<text><![CDATA[Buenos Aires is the capital city of Argentina, situated in the southern hemisphere of the American Continent, 34º 36´ latitude and 58 º 26´ longitude.  With an area of 202 square kilometers, the city extends itself over a flat surface. It has approximately 3 million inhabitants, and considering the population of Greater Buenos Aires, the number surpasses 10 million people, which makes this area one of the most populated ones worldwide.
The De la Plata River and the Riachuelo are the natural boundaries of the city, eastwards and southwards, respectively. The city is finally limited by the General Paz Highway to the north and west, which easily joins the capital with Greater Buenos Aires, a highly-populated area with an important commercial activity.

<a href="http://www.bue.gov.ar/"target="_blank">Official site of the City of Buenos Aires</a>

 ]]></text>
	</item>
	<item>
		<title><![CDATA[The Museum of Fine Arts]]></title>
		<date><![CDATA[]]></date>
		<thumbnail>images/2.jpg</thumbnail>
		<blurb><![CDATA[MNBA]]></blurb>
		<text><![CDATA[The National Museum of Fine Arts (MNBA) is located at 1473 Del Libertador Avenue in Buenos Aires City. Its present building used to be the site for the old Water Supply House which belonged to the National Provision of Water for the Recoleta Quarter back in 1870. 
The first site for the museum was in the Galleries Bon Marché on Florida Street, a building intended to house a French clothes shop, where Galerías Pacífico Shopping Mall stands at present.
Eduardo Schiaffino, a painter and an art critic, was the first director of the MNBA. The museum started to increase its possessions because of donations and the purchase of art works. Its space in the Bon Marché soon became insufficient.
In 1909 the situation was critical: the number of works that the museum was housing had multiplied twenty times and therefore, it was moved to the Argentine Pavilion, -a building with the typical architecture of steel and crystal of the time-, which had represented Argentina in the International Exhibition of Paris in 1889 and later brought to Argentina.
The works of art were exhibited here for two decades to be finally moved to their present home on Del Libertador Avenue.

<a href="http://www.mnba.org.ar/"target="_blank">Official site of MNBA</a>]]></text>
	</item>
	<item>
		<title><![CDATA[Buenos Aires Zoo]]></title>
		<date><![CDATA[]]></date>
		<thumbnail>images/3.jpg</thumbnail>
		<blurb><![CDATA[Close, but very close to you.]]></blurb>
		<text><![CDATA[The 30th October, 1888 is the date considered to be the anniversary of our zoo, which has since then had a great presence in the local culture and which has always shown the intention of actively participating in the social and cultural development of its environment. 
In those days, it was uncommon for a zoo to have other objectives beyond those of providing entertainment or presenting a complete collection of animals. It was a must for every zoo to possess the most exotic and attractive species, and even though our zoo was a pioneer in showing unique species, it managed to combine this feature with other approaches, something that converted it into a relevant referee in the management of fauna living in controlled spaces as well as in studies and researches, data bases, scientific magazines, international awards and a great number of original monuments and corners representing different natural zones worldwide.

<a href="http://www.zoobuenosaires.com.ar/"target="_blank">Site for the Buenos Aires Zoo</a>

 ]]></text>
	</item>
	<item>
		<title><![CDATA[Museum of Latin American Art]]></title>
		<date><![CDATA[]]></date>
		<thumbnail>images/4.jpg</thumbnail>
		<blurb><![CDATA[Malba - Constantini Foundation]]></blurb>
		<text><![CDATA[The Malba is a dynamic and participative environment where temporary exhibitions of diverse approaches are held, -in many occasions jointly carried out with other international museums, private collections and similar foundations-, as well as exhibitions of contemporary art, both Argentine and Latin American.
The museum also counts with an important cinema programme and with a number of films which is constantly increased through the acquisition of movies and the rescue of those films essential to the history of the movie production. The Malba also offers activities in the literature field, organizing meetings with writers, courses, seminars, conferences on literature topics and launching of books.  
The area of education and cultural activities features a programme for children, guided visits and various activities jointly performed with the founders of the foundation, all of which are aimed at providing all sectors of society with the chance to enjoy, study and become acquainted with some of the main artists and art movements of the last century.

<a href="http://www.malba.org.ar/"target="_blank">Official site of the Malba</a>]]></text>
	</item>
	<item>
		<title><![CDATA[Temaiken]]></title>
		<date><![CDATA[]]></date>
		<thumbnail>images/5.jpg</thumbnail>
		<blurb><![CDATA[Bio-park]]></blurb>
		<text><![CDATA[Located just 30 minutes (50 kms) away from Buenos Aires City, Temaikén is the only bio-park of South America. Its name is the combination of two Tehuelche words: TEM (land) and AIKEN (life), which reminds us of the respect of those aborigines towards Nature.
Temaiken BioPark is the only institution in South America recognized by the AZA (American Association of Zoos and Aquariums, a prestigious organization formed by the best 200 zoos and aquariums worldwide and based in Washington, U.S.A.

But what exactly is a bio-park?
It is a combination of a botanic garden, a zoo, an aquarium and a museum of natural history and anthropology, featuring salons that explain, clarify and give examples of the relationship existing among the flora, the fauna and the activities carried out by man.
A bio-park proclaims the wellbeing of animals, the security that should always be provided for those species in captivity, for the staff of the zoo and for the visitors, the education about the environment as well as the preservation of the bio diversity. It is because of all this that Temaikén is more than a zoo.

<a href="http://www.temaiken.com.ar/"target="_blank">Official site of Temaikén</a>

 ]]></text>
	</item>
	<item>
		<title><![CDATA[Colón Opera House]]></title>
		<date><![CDATA[]]></date>
		<thumbnail>images/6.jpg</thumbnail>
		<blurb><![CDATA[Reopening May 2010]]></blurb>
		<text><![CDATA[Praised for its acoustics and the artistic value of its architecture and considered to be one of the best opera houses worldwide, the Colón Opera House in Buenos Aires became 100 years old in last May, 2008.
Opened on 25th May, 1908 with the opera Aida by Verdi, the present building stands in a block limited by the streets Cerrito, Viamonte, Tucumán and Libertad, right in the city center.
The present building replaced the old Colón Theater, built in the block where the National Bank stands nowadays, -in front of De Mayo Square-, where it offered performances between 1857 and 1888.
The building works of the new theater took around 20 years to be completed. The cornerstone of the Colón Opera House was installed on 25th May, 1890 with the intention of opening it before the 12th October 1892 for the 4th anniversary of the Discovery of America. The original project was presented by architect Francesco Tamburini, and after his death, works were continued and modified by his partner, architect Victor Meano, also responsible for the construction of the National Congress Building. The building works advanced until 1894 but were later stuck by financial matters. In 1904 Meano was killed at home and the government asked Jules Dormal, a Dutchman, to end the project. He introduced some structural changes and definitely left his mark in the French style of the decoration.
At the end of 1907, the first contract for performances was signed, even though the final building works were delayed for the date previously planned for the opening: 25th May 1908. The first program at the Colón Opera House was finally presented on the due date with the Great Italian Lyric Company performing the opera Aida by Giuseppe Verdi, even when some works were unfinished, like the Doré Salon and the iron marquees on Libertad Street and Cerrito Street.

<a href="http://www.teatrocolon.org.ar/"target="_blank">Official site of the Colón Opera House</a>]]></text>
	</item>
	<item>
		<title><![CDATA[De la Costa Park]]></title>
		<date><![CDATA[]]></date>
		<thumbnail>images/7.jpg</thumbnail>
		<blurb><![CDATA[Amusement Park]]></blurb>
		<text><![CDATA[This Amusement Park is an attraction park located in Tigre City in Buenos Aires Province, one of the most important fun fairs in Argentina and South America. It is located on a site between Luján River and Tigre River.
The park is composed of an extensive piece of land where all the activities and games are distributed, but there are also other more contained attractions, as Neverland and The Stroll of Luck.
De la Costa Fun Fair counts with three roller coasters and one water jump. There is also a lake, which offers a show of dancing waters and organized river boat sailings along the Delta, among other attractions.

<a href="http://www.parquedelacosta.com.ar/"target="_blank">Official site of De la Costa Park</a>

 ]]></text>
	</item>
	<item>
		<title><![CDATA[Museum of Modern Art]]></title>
		<date><![CDATA[]]></date>
		<thumbnail>images/8.jpg</thumbnail>
		<blurb><![CDATA[Argentine contemporary paintings]]></blurb>
		<text><![CDATA[The Museum of Modern Art of Buenos Aires -MAMBA- was created on 11th April 1956, being its first director art critic Rafael Squirru.
Until its arrival to the General San Martín Town Hall Theater, the exhibitions of the MAMBA were “unexpected shows or ambushes”, in which passers-by were taken by surprise with sculptures and the like. It was during this time that the museum was named “ghost museum”, until it was settled at 1530 Corrientes Avenue, where it consolidated its presence and achieved its own identity. 
As time passed, the extent of the activities offered by the museum made it necessary to count with a site of its own. In 1986, the MAMBA was granted a building located at 350 San Juan Avenue, -right in the heart of San Telmo Quarter-, which had for long been the old cigarette company Piccardo.

<a href="hhttp://www.museodeartemoderno.buenosaires.gov.ar/"target="_blank">Official site of the Museum of Modern Art</a>]]></text>
	</item>
	<item>
		<title><![CDATA[Casino of Buenos Aires]]></title>
		<date><![CDATA[]]></date>
		<thumbnail>images/9.jpg</thumbnail>
		<blurb><![CDATA[Puerto Madero Quarter]]></blurb>
		<text><![CDATA[Casino Puerto Madero offers you:
• More than 700 state-of-the-art slot machines
• More than 130 game tables
• More than 1,300 complimentary parking spaces
• A complimentary transfer in/out to and from the city center
• Friendly staff
• Various bars to enjoy delicious cocktails
• Private security
• All methods of payment accepted
• SOBREAGUAS, International-level Restaurant, offering clients the chance to savor its exquisite dishes in an elegant and comfortable ambiance.
All services are offered with the best quality 24 hours a day all year round.

<a href="http://www.cirsa.com/casinos/puerto_madero/default.htm"target="_blank">Official site of Casino of Buenos Aires</a>

 ]]></text>
	</item>
	<item>
		<title><![CDATA[Borges Cultural Center]]></title>
		<date><![CDATA[]]></date>
		<thumbnail>images/10.jpg</thumbnail>
		<blurb><![CDATA[Cultural events]]></blurb>
		<text><![CDATA[Located inside the Galerías Pacífico Shopping Mall, -one of the most renowned historic buildings in Buenos Aires-, the center offers four large sectors which not only enhance the most beautiful characteristics of the architecture of the 19th century but also show the trends of the 20th one. 

<a href="http://www.ccborges.org.ar/"target="_blank">Official site of the Borges Cultural Center</a>]]></text>
	</item>
	<item>
		<title><![CDATA[Recoleta Cultural Center]]></title>
		<date><![CDATA[]]></date>
		<thumbnail>images/11.jpg</thumbnail>
		<blurb><![CDATA[A place with history]]></blurb>
		<text><![CDATA[The central building of the center, -which dates back to the 17th century-, is one of the oldest constructions present in Buenos Aires. The site was donated to the Franciscan Devotee Friars in 1716.
The jesuitic architects Juan Krauss and Juan Wolf prepared the blueprints of the first building. The façade and interior spaces are attributed to the Italian Andrés Blanqui. The building works ended in 1732.
Interior of the chapel.
From the first decades of the 19th century, the building had various uses, among them, a drawing school created by national hero General Manuel Belgrano and, since the 1870s, the site was home for the Asylum for the Homeless. 
The building in particular and the area in general were considered privileged places in the plan for urbanization and city improvements carried out by the first town hall mayor, Torcuato de Alvear.
Architect Juan Buschiazzo was responsible for the important remodelation in the site since 1880s, a recycling action that can be considered as pioneer and one of the best of Buenos Aires City. This urbanization included the construction of many salons, the chapel –nowadays turned into an auditorium-, as well as the façades, walls and terraces of Italian style.
 Later on, the place was the site for the General Viamonte Elderly House.
In 1980, the complex was remodeled for its new function as a cultural center, a task assigned to architects Clorindo Testa, Jacques Bedel and Luis Benedit.

<a href="http://centroculturalrecoleta.org/ccr-sp/"target="_blank">Official site of Recoleta Cultural Center</a>

 ]]></text>
	</item>
	<item>
		<title><![CDATA[National Weather Forecast]]></title>
		<date><![CDATA[]]></date>
		<thumbnail>images/12.jpg</thumbnail>
		<blurb><![CDATA[Weather conditions and forecast]]></blurb>
		<text><![CDATA[Aims:
-  Observe, understand and predict the weather and climate in the national territory as well as in limiting oceanic zones to contribute to the protection of life, the possessions of the inhabitants and the sustainable development of the economy. 

- Represent Argentina in international meteorological organizations and observe the compliance with the obligations assumed by Argentina with such organizations.


<a href="http://www.meteofa.mil.ar/"target="_blank">Official site of the SMN (National Weather Forecast)</a>]]></text>
	</item>
</news>