﻿<?xml version="1.0" encoding="utf-8"?>
<news>
	<item>
		<title><![CDATA[Secretaría de Turismo]]></title>
		<date><![CDATA[]]></date>
		<thumbnail>images/1.jpg</thumbnail>
		<blurb><![CDATA[Portal Oficial de Turismo de la Ciudad de Buenos Aires]]></blurb>
		<text><![CDATA[La ciudad de Buenos Aires es la capital de la República Argentina, ubicada en el hemisferio sur del continente americano, latitud 34º 36' y longitud 58º 26'. La ciudad se extiende sobre un terreno llano, y tiene una superficie de 202 km cuadrados. Viven allí aproximadamente 3 millones de personas. Sumando la población del área metropolitana, la población total supera los 10 millones de habitantes, lo que la convierte en uno de los 10 centros urbanos más poblados del mundo.
El Río de la Plata y el Riachuelo son sus límites naturales hacia el este y el sur. La avenida de circunvalación General Paz, que bordea la ciudad de norte a oeste, completa el límite de la ciudad. Esta avenida enlaza de manera rápida la capital con el Gran Buenos Aires, una franja de alta concentración de habitantes y fuerte actividad.

<a href="http://www.bue.gov.ar/"target="_blank">Sitio Oficial de la Ciudad de Buenos Aires</a>

 ]]></text>
	</item>
	<item>
		<title><![CDATA[El Museo Nacional de Bellas Artes]]></title>
		<date><![CDATA[]]></date>
		<thumbnail>images/2.jpg</thumbnail>
		<blurb><![CDATA[MNBA]]></blurb>
		<text><![CDATA[El Museo Nacional de Bellas Artes (MNBA) de Argentina está ubicado en la Avenida del Libertador 1473 de la Ciudad de Buenos Aires. Ocupa actualmente la antigua Casa de Bombas, edificio perteneciente a los establecimientos Recoleta de Obras Sanitarias de la Nación (1870).
La primera sede del MNBA se estableció en las  galerías del Bon Marché, de la calle Florida, un edificio construido para albergar la tienda de origen francés y donde actualmente se sitúan las Galerías Pacífico.
Eduardo Schiaffino, pintor y crítico de arte, fue su primer director. El MNBA fue  acrecentando su acervo gracias a donaciones y compras. Pronto su espacio en el  Bon Marché resultó insuficiente.
En 1909, la situación se hizo crítica. El patrimonio inicial se había multiplicado por veinte. El Museo se trasladó entonces al Pabellón Argentino, un edificio típico de la arquitectura de hierro y cristal construido para representar a la Argentina en la Exposición Universal de París de 1889, erigido en la Plaza San Martín. Las obras permanecieron allí durante dos décadas, antes de ser instaladas en  su sede definitiva de la Avenida del  Libertador.  

<a href="http://www.mnba.org.ar/"target="_blank">Sitio Oficial MNBA</a>]]></text>
	</item>
	<item>
		<title><![CDATA[Zoológico de Buenos Aires]]></title>
		<date><![CDATA[]]></date>
		<thumbnail>images/3.jpg</thumbnail>
		<blurb><![CDATA[Cerca, pero bien cerca tuyo]]></blurb>
		<text><![CDATA[El 30 de Octubre de 1888 es la fecha considerada aniversario de nuestro Zoo, desde estos tiempos el Zoo de Buenos Aires ha tenido un destacado lugar dentro de la cultura ciudadana y tuvo desde sus orígenes la intención de participar activamente en el desarrollo social y cultural del entorno. En aquellos tiempos no era común que un zoológico tuviera otros fines más allá del entretenimiento o de presentar una completa colección animal. 
Era obligación de todo zoo tener las especies más exóticas y atractivas, y si bien, nuestro zoo fue pionero en exhibir especies únicas, supo combinarlo con otros objetivos que lo convirtieron en un importante referente en manejo de fauna en ambientes controlados, como estudios e investigaciones, base de trabajos, revistas científicas, y de reconocimientos internacionales, y un extenso número de originales monumentos y recintos que representan estilos de diferentes rincones del mundo. 

<a href="http://www.zoobuenosaires.com.ar/"target="_blank">Sitio del Zoo de Buenos Aires</a>

 ]]></text>
	</item>
	<item>
		<title><![CDATA[Museo de Arte Latinoamericano]]></title>
		<date><![CDATA[]]></date>
		<thumbnail>images/4.jpg</thumbnail>
		<blurb><![CDATA[Malba - Fundación Constantini]]></blurb>
		<text><![CDATA[Malba es un espacio cultural dinámico y participativo en el que se presentan exposiciones temporarias de diversa índole (en muchas ocasiones junto a otros museos alrededor del mundo, colecciones internacionales y fundaciones afines) y muestras de arte contemporáneo argentino y latinoamericano. Además, cuenta con un importante programa de cine y con una cinemateca que crece mensualmente a través de la adquisición y el rescate de films esenciales de la historia del cine. El museo también tiene un área de Literatura a través del cual realiza encuentros con escritores, cursos, seminarios, charlas literarias y presentaciones de libros.
El área de Educación y Acción Cultural incluye programas para niños, visitas guiadas y diversas actividades realizadas junto con organizaciones de la sociedad civil, y apunta a ofrecer a todos los sectores de la comunidad la posibilidad de disfrutar, estudiar y conocer algunos de los principales artistas y movimientos del arte del último siglo.  

<a href="http://www.malba.org.ar/"target="_blank">Sitio Oficial del Malba</a>]]></text>
	</item>
	<item>
		<title><![CDATA[Temaiken]]></title>
		<date><![CDATA[]]></date>
		<thumbnail>images/5.jpg</thumbnail>
		<blurb><![CDATA[Bioparque]]></blurb>
		<text><![CDATA[Temaikèn es el único Bioparque de Sudamérica, ubicado a sólo 30 minutos de la Ciudad de Buenos Aires (50 KM). Su nombre nace de la unión de dos vocablos tehuelches, TEM (tierra) y AIKEN (vida) que invoca el respeto de estos indígenas por la naturaleza.
Bioparque Temaikèn es la única institución de Sudamérica, acreditada por la (AZA) Asociación Americana de Zoológicos y Acuarios, prestigiosa entidad que nuclea a los mejores 200 zoológicos y acuarios de todo el mundo, con base en Washington Estados Unidos.

Que es un Bioparque?:
Un Bioparque es una combinación de un Jardín Botánico, un Zoológico, un Acuario y un Museo de Historia Natural y Antropología, exhibiendo ambientes que explican, aclaran y ejemplifican la relación existente entre la fauna, la flora y las actividades del hombre.
Un Bioparque pregona el bienestar animal, la seguridad que brinda para sus animales, trabajadores y el público, la educación ambiental, la conservación de la biodiversidad. Por ello, Temaiken es mucho más que un zoo.

<a href="http://www.temaiken.com.ar/"target="_blank">Sitio Oficial de Teimaken</a>

 ]]></text>
	</item>
	<item>
		<title><![CDATA[Teatro Colón]]></title>
		<date><![CDATA[]]></date>
		<thumbnail>images/6.jpg</thumbnail>
		<blurb><![CDATA[Reapertura Mayo del 2010]]></blurb>
		<text><![CDATA[El Teatro Colón de la ciudad de Buenos Aires es considerado uno de los mejores teatros del mundo. Reconocido por su acústica y por el valor artístico de su construcción, cumplió 100 años en 2008.
El actual edificio está emplazado entre Cerrito, Viamonte, Tucumán y Libertad, en pleno centro de la ciudad de Buenos Aires, y fue inaugurado el 25 de mayo de 1908 con la ópera Aida de Giuseppe Verdi. Este edificio reemplaza al antiguo Teatro Colón, erigido en la manzana que ocupa hoy el Banco Nación, frente a la plaza de Mayo, y que funcionó entre 1857 y 1888.
La construcción del nuevo edificio llevó alrededor de 20 años, siendo colocada su piedra fundamental el 25 de mayo de 1890, con la intención de inaugurarlo antes del 12 de octubre de 1892 en coincidencia con el cuarto centenario del descubrimiento de América. El proyecto inicial fue del arquitecto Francesco Tamburini quien, a su muerte en 1891, fue continuado y modificado por su socio, el arquitecto Víctor Meano, autor del palacio del Congreso Argentino. Las obras avanzaron hasta 1894, pero se estancaron luego por cuestiones financieras. En 1904, Meano fue asesinado en su casa y el gobierno encargó al belga Jules Dormal que termine la obra. Dormal introdujo algunas modificaciones estructurales y dejó definitivamente impreso su sello en el estilo francés de la decoración.
A fines de 1907 se firmó el primer contrato de arrendamiento del Teatro Colón, aunque los trabajos de terminación del edificio estaban atrasados en relación con la fecha fijada para la inauguración de la sala, el 25 de mayo de 1908. De todas maneras, en esa fecha se llegó a realizar la primera función en la sala principal del Teatro Colón a cargo de la Gran Compañía Lírica Italiana con la ópera Aida de Giuseppe Verdi, aunque con algunas dependencias del edificio inconclusas como el Salón Dorado y las marquesinas de hierro sobre las calles Libertad y Cerrito.

<a href="http://www.teatrocolon.org.ar/"target="_blank">Sitio Oficial del Teatro Colón</a>]]></text>
	</item>
	<item>
		<title><![CDATA[Parque de la Costa]]></title>
		<date><![CDATA[]]></date>
		<thumbnail>images/7.jpg</thumbnail>
		<blurb><![CDATA[Parque de diversiones]]></blurb>
		<text><![CDATA[El Parque de la Costa es un parque de atracciones ubicado en la ciudad de Tigre, provincia de Buenos Aires, Argentina que es uno de los más importantes de la Argentina y de America del sur. Está ubicado en el predio que se encuentra entre los ríos Luján y Tigre.
El parque en general se compone de un gran segmento donde se ubican todas las atracciones pero de forma más interior, encontramos pequeños pabellones, como el Parque de la Costa en general, Neverland y el Paseo de la Suerte. El parque está dotado de tres montañas rusas y una de agua. Además, hay un lago, en el que se lleva a cabo el show de aguas danzantes y paseos en catamarán, por el Delta, entre otras atracciones.

<a href="http://www.parquedelacosta.com.ar/"target="_blank">Sitio Oficial del Parque de la Costa</a>

 ]]></text>
	</item>
	<item>
		<title><![CDATA[Museo de Arte Moderno]]></title>
		<date><![CDATA[]]></date>
		<thumbnail>images/8.jpg</thumbnail>
		<blurb><![CDATA[Producción argentina del arte contemporáneo]]></blurb>
		<text><![CDATA[El Museo de Arte Moderno de Buenos Aires -MAMBA- fue creado el 11 de abril de 1956 y su primer director fue el crítico de arte Rafael Squirru.
Hasta su arribo al Teatro Municipal General San Martín, sus exposiciones tuvieron el carácter de "manifestaciones relámpago o de emboscadas", en las que se sorprendía a los transeúntes desplegando esculturas. Durante ese período, recibió la denominación de "Museo Fantasma", hasta que se instaló en el edificio de Corrientes 1530, donde fue consolidando y afirmando su propia identidad.
Con el correr del tiempo, la envergadura de las actividades que se desarrollaron hicieron necesario contar con una sede propia.
En 1986 se le otorgó el edificio ubicado en Av. San Juan 350, corazón del barrio de San Telmo, que había albergado a la antigua fábrica de cigarrillos Piccardo. 

<a href="hhttp://www.museodeartemoderno.buenosaires.gov.ar/"target="_blank">Sitio Oficial del Museo de Arte Moderno</a>]]></text>
	</item>
	<item>
		<title><![CDATA[Casino de Buenos Aires]]></title>
		<date><![CDATA[]]></date>
		<thumbnail>images/9.jpg</thumbnail>
		<blurb><![CDATA[Puerto Madero]]></blurb>
		<text><![CDATA[Casino Puerto Madero le ofrece:
· Más de 700 máquinas tragamonedas de última generación
· Más de 130 mesas de juego.
· Más de 1.300 plazas de parking gratuita
· Un servicio de transfer gratuíto hasta el centro de la ciudad
· Atención de nuestro personal
· Bares para disfrutar de exquisitos tragos
· Seguridad privada
· Todos los medios de pago
· Restaurante "SOBREAGUAS" de nivel internacional que ofrece a nuestros clientes la posibilidad de degustar sus exquisitos platos en un ambiente elegante y cómodo.
Todos los servicios, con la mejor calidad a cualquier hora del día los 365 días del año.

<a href="http://www.cirsa.com/casinos/puerto_madero/default.htm"target="_blank">Sitio Oficial del Casino de Buenos Aires</a>

 ]]></text>
	</item>
	<item>
		<title><![CDATA[Centro Cultural Borges]]></title>
		<date><![CDATA[]]></date>
		<thumbnail>images/10.jpg</thumbnail>
		<blurb><![CDATA[Extensión Cultural]]></blurb>
		<text><![CDATA[Emplazado en las Galerías Pacífico, uno de los edificios históricos más renombrados de la ciudad de Buenos Aires, el CCB ofrece cuatro bloques que realzan los aspectos más bellos de la arquitectura de fines del siglo XIX y las tendencias de este nuevo milenio. 

<a href="http://www.ccborges.org.ar/"target="_blank">Sitio Oficial del centro Cultural Borges</a>]]></text>
	</item>
	<item>
		<title><![CDATA[Centro Cultural Recoleta]]></title>
		<date><![CDATA[]]></date>
		<thumbnail>images/11.jpg</thumbnail>
		<blurb><![CDATA[Un lugar con historia]]></blurb>
		<text><![CDATA[El edificio del Centro, cuyo origen se remonta al siglo XVII, es una de las construcciones más antiguas que se conservan en Buenos Aires. En 1716 el Solar fue donado a los frailes Franciscanos Recoletos.
Los arquitectos jesuitas Juan Krauss y Juan Wolf realizaron los planos de la primera construcción y se le atribuye al italiano Andrés Blanqui la fachada y los espacios interiores del convento. La obra fue concluída en 1732.
Interior de la capillaA partir de las primeras décadas del siglo XIX el edificio tuvo varios destinos, entre ellos una escuela de dibujo creada por el Gral. Manuel Belgrano y, a partir de los años setenta funcionó en sus claustros el Asilo de Mendigos.El edificio y el área en general fueron lugares privilegiados dentro del plan de saneamiento y embellecimiento del primer Intendente de Buenos Aires, Torcuato de Alvear.
El arquitecto Juan Buschiazzo fue el responsable de la gran remodelación que se realizara a lo largo de la década del ochenta del siglo 19, reciclaje que puede considerarse pionero y uno de los mejores de la ciudad de Buenos Aires. El mismo incluyó, en el Centro Cultural la construcción de varios pabellones, la capilla, hoy transformada en auditorio, como así también fachadas, muros y terrazas de estilo italianizante.
Posteriormente se instaló en el edificio el Hogar de Ancianos General Viamonte.En 1980 se remodeló el complejo para su nueva función de Centro Cultural, tarea encomendada a los arquitectos Clorindo Testa, Jacques Bedel y Luis Benedit.

<a href="http://centroculturalrecoleta.org/ccr-sp/"target="_blank">Sitio Oficial del Centro Cultural Recoleta</a>

 ]]></text>
	</item>
	<item>
		<title><![CDATA[Servicio Meteorológico Nacional]]></title>
		<date><![CDATA[]]></date>
		<thumbnail>images/12.jpg</thumbnail>
		<blurb><![CDATA[Pronóstico y Estado del Tiempo]]></blurb>
		<text><![CDATA[Observar, comprender, predecir el tiempo y el clima en el territorio nacional y zonas oceánicas adyacentes con el objeto de contribuir a la protección de la vida y la propiedad de sus habitantes y al desarrollo sustentable de la economía; y proveer a la representación del país ante los organismos meteorológicos internacionales y al cumplimiento de las obligaciones asumidas por el paísante los mismos.

<a href="http://www.meteofa.mil.ar/"target="_blank">Sitio Oficial del SMN</a>]]></text>
	</item>
</news>