﻿<?xml version="1.0"?>
<site>
	<window type="image" picture="images/6.jpg">
		<title><![CDATA[<b>BAR - COFFEE SHOP</b>]]></title>
		<asset>images/6_.jpg</asset>
		<caption><![CDATA[BRISTOL HOTEL]]></caption>
		<longdescription></longdescription>
	</window>
	<window type="image" picture="images/12.jpg">
		<title><![CDATA[<b>BAR - COFFEE SHOP</b>]]></title>
		<asset>images/12_.jpg</asset>
		<caption><![CDATA[BRISTOL HOTEL]]></caption>
		<longdescription></longdescription>
	</window>
	<window type="image" picture="images/13.jpg">
		<title><![CDATA[<b>BAR - COFFEE SHOP</b>]]></title>
		<asset>images/13_.jpg</asset>
		<caption><![CDATA[BRISTOL HOTEL]]></caption>
		<longdescription></longdescription>
	</window>
	<window type="image" picture="images/14.jpg">
		<title><![CDATA[<b>BAR - COFFEE SHOP</b>]]></title>
		<asset>images/14_.jpg</asset>
		<caption><![CDATA[BRISTOL HOTEL]]></caption>
		<longdescription>L</longdescription>
	</window>
</site>