﻿<?xml version="1.0"?>
<site>
	<window type="image" picture="images/2.jpg">
		<title><![CDATA[<b>Habitación Doble</b>]]></title>
		<asset>images/2_.jpg</asset>
		<caption><![CDATA[HOTEL BRISTOL ****]]></caption>
		<longdescription></longdescription>
	</window>

	<window type="image" picture="images/1.jpg">
		<title><![CDATA[<b>Habitación Doble</b>]]></title>
		<asset>images/1_.jpg</asset>
		<caption><![CDATA[HOTEL BRISTOL ****]]></caption>
		<longdescription></longdescription>
	</window>

	
</site>