﻿<?xml version="1.0"?>
<site>
	<window type="image" picture="images/11.jpg">
		<title><![CDATA[<b>SALON DE PLATA</b>]]></title>
		<asset>images/11_.jpg</asset>
		<caption><![CDATA[BRISTOL HOTEL]]></caption>
		<longdescription>Lorem ipsum dolor sit amet, consectetur adipiscing elit. Vivamus tristique diam eget neque. Fusce mollis molestie ante. Cras convallis eros et est. Ut egestas quam id nunc. Nullam at urna. Integer quis tellus. Quisque luctus accumsan neque. Sed pulvinar. Donec sed lectus sed dui accumsan volutpat. Nullam quis eros eget nisi porta sodales. Suspendisse tristique ultricies velit</longdescription>
	</window>
	<window type="image" picture="images/8.jpg">
		<title><![CDATA[<b>SALON DE PLATA</b>]]></title>
		<asset>images/8_.jpg</asset>
		<caption><![CDATA[BRISTOL HOTEL]]></caption>
		<longdescription>Lorem ipsum dolor sit amet, consectetur adipiscing elit. Vivamus tristique diam eget neque. Fusce mollis molestie ante. Cras convallis eros et est. Ut egestas quam id nunc. Nullam at urna. Integer quis tellus. Quisque luctus accumsan neque. Sed pulvinar. Donec sed lectus sed dui accumsan volutpat. Nullam quis eros eget nisi porta sodales. Suspendisse tristique ultricies velit</longdescription>
	</window>
	<window type="image" picture="images/9.jpg">
		<title><![CDATA[<b>SALON DE PLATA</b>]]></title>
		<asset>images/9_.jpg</asset>
		<caption><![CDATA[BRISTOL HOTEL]]></caption>
		<longdescription>Lorem ipsum dolor sit amet, consectetur adipiscing elit. Vivamus tristique diam eget neque. Fusce mollis molestie ante. Cras convallis eros et est. Ut egestas quam id nunc. Nullam at urna. Integer quis tellus. Quisque luctus accumsan neque. Sed pulvinar. Donec sed lectus sed dui accumsan volutpat. Nullam quis eros eget nisi porta sodales. Suspendisse tristique ultricies velit</longdescription>
	</window>
	<window type="image" picture="images/10.jpg">
		<title><![CDATA[<b>GASTRONOMIA</b>]]></title>
		<asset>images/10_.jpg</asset>
		<caption><![CDATA[BRISTOL HOTEL]]></caption>
		<longdescription>Lorem ipsum dolor sit amet, consectetur adipiscing elit. Vivamus tristique diam eget neque. Fusce mollis molestie ante. Cras convallis eros et est. Ut egestas quam id nunc. Nullam at urna. Integer quis tellus. Quisque luctus accumsan neque. Sed pulvinar. Donec sed lectus sed dui accumsan volutpat. Nullam quis eros eget nisi porta sodales. Suspendisse tristique ultricies velit</longdescription>
	</window>
	<window type="image" picture="images/16.jpg">
		<title><![CDATA[<b>GASTRONOMIA</b>]]></title>
		<asset>images/16_.jpg</asset>
		<caption><![CDATA[BRISTOL HOTEL]]></caption>
		<longdescription>Lorem ipsum dolor sit amet, consectetur adipiscing elit. Vivamus tristique diam eget neque. Fusce mollis molestie ante. Cras convallis eros et est. Ut egestas quam id nunc. Nullam at urna. Integer quis tellus. Quisque luctus accumsan neque. Sed pulvinar. Donec sed lectus sed dui accumsan volutpat. Nullam quis eros eget nisi porta sodales. Suspendisse tristique ultricies velit</longdescription>
	</window>
	
</site>