﻿<?xml version="1.0"?>
<site>
	<window type="image" picture="images/11.jpg">
		<title><![CDATA[<b>SILVER SALON</b>]]></title>
		<asset>images/11_.jpg</asset>
		<caption><![CDATA[BRISTOL HOTEL]]></caption>
		<longdescription></longdescription>
	</window>
	<window type="image" picture="images/8.jpg">
		<title><![CDATA[<b>SILVER SALON</b>]]></title>
		<asset>images/8_.jpg</asset>
		<caption><![CDATA[BRISTOL HOTEL]]></caption>
		<longdescription></longdescription>
	</window>
	<window type="image" picture="images/9.jpg">
		<title><![CDATA[<b>SILVER SALON</b>]]></title>
		<asset>images/9_.jpg</asset>
		<caption><![CDATA[BRISTOL HOTEL]]></caption>
		<longdescription></longdescription>
	</window>
	<window type="image" picture="images/10.jpg">
		<title><![CDATA[<b>GASTRONOMY</b>]]></title>
		<asset>images/10_.jpg</asset>
		<caption><![CDATA[BRISTOL HOTEL]]></caption>
		<longdescription></longdescription>
	</window>
	<window type="image" picture="images/16.jpg">
		<title><![CDATA[<b>GASTRONOMY</b>]]></title>
		<asset>images/16_.jpg</asset>
		<caption><![CDATA[BRISTOL HOTEL]]></caption>
		<longdescription>
	
</site>