﻿<?xml version="1.0"?>
<site>
	<window type="image" picture="images/4.jpg">
		<title><![CDATA[<b>Habitación Suite de Lujo</b>]]></title>
		<asset>images/4_.jpg</asset>
		<caption><![CDATA[HOTEL BRISTOL ****]]></caption>
		<longdescription>Lorem ipsum dolor sit amet, consectetur adipiscing elit. Vivamus tristique diam eget neque. Fusce mollis molestie ante. Cras convallis eros et est. Ut egestas quam id nunc. Nullam at urna. Integer quis tellus. Quisque luctus accumsan neque. Sed pulvinar. Donec sed lectus sed dui accumsan volutpat. Nullam quis eros eget nisi porta sodales. Suspendisse tristique ultricies velit</longdescription>
	</window>

	<window type="image" picture="images/5.jpg">
		<title><![CDATA[<b>Habitación Suite de Lujo</b>]]></title>
		<asset>images/5_.jpg</asset>
		<caption><![CDATA[HOTEL BRISTOL ****]]></caption>
		<longdescription>Lorem ipsum dolor sit amet, consectetur adipiscing elit. Vivamus tristique diam eget neque. Fusce mollis molestie ante. Cras convallis eros et est. Ut egestas quam id nunc. Nullam at urna. Integer quis tellus. Quisque luctus accumsan neque. Sed pulvinar. Donec sed lectus sed dui accumsan volutpat. Nullam quis eros eget nisi porta sodales. Suspendisse tristique ultricies velit</longdescription>
	</window>

	<window type="image" picture="images/3.jpg">
		<title><![CDATA[<b>Habitación Suite de Lujo</b>]]></title>
		<asset>images/3_.jpg</asset>
		<caption><![CDATA[HOTEL BRISTOL ****]]></caption>
		<longdescription>Lorem ipsum dolor sit amet, consectetur adipiscing elit. Vivamus tristique diam eget neque. Fusce mollis molestie ante. Cras convallis eros et est. Ut egestas quam id nunc. Nullam at urna. Integer quis tellus. Quisque luctus accumsan neque. Sed pulvinar. Donec sed lectus sed dui accumsan volutpat. Nullam quis eros eget nisi porta sodales. Suspendisse tristique ultricies velit</longdescription>
	</window>

	
</site>