﻿<?xml version="1.0"?>
<site>
	<window type="image" picture="images/4.jpg">
		<title><![CDATA[<b>De-Luxe Suite</b>]]></title>
		<asset>images/4_.jpg</asset>
		<caption><![CDATA[HOTEL BRISTOL ****]]></caption>
		<longdescription></longdescription>
	</window>

	<window type="image" picture="images/5.jpg">
		<title><![CDATA[<b>De-Luxe Suite</b>]]></title>
		<asset>images/5_.jpg</asset>
		<caption><![CDATA[HOTEL BRISTOL ****]]></caption>
		<longdescription></longdescription>
	</window>

	<window type="image" picture="images/3.jpg">
		<title><![CDATA[<b>De-Luxe Suite</b>]]></title>
		<asset>images/3_.jpg</asset>
		<caption><![CDATA[HOTEL BRISTOL ****]]></caption>
		<longdescription></longdescription>
	</window>

	
</site>