<?xml version="1.0" encoding="utf-8"?>
<main>
	
	<config>
		<mods 
			
		navPadding="18" 
		myLogo = "images/logo.png" 
		backgroundMusic = "yes"
		myMusic = "audio/musica.mp3"
		
		navActiveColor = "0x333333"
		navRollOverColor = "0xffffff"
		
		navBGOutlineColor = "0xF6E356"
		navBGtopGradientColor = "0xF6E356"
		navBGbottomGradientColor = "0x9B9557"
		
		subnavActiveColor = "0xcccccc"
		subnavRollOverColor = "0xF6E356"
		
		subnavBGOutlineColor = "0x666666"
		subnavBGtopGradientColor = "0x333333"
		subnavBGbottomGradientColor = "0x121212"
		
		footerColor = "0x000000"
		navFontSize = "9"
		subnavFontSize = "8"
		logoX = "25"
		logoY = "20"
		
		/>
		<footerInfo><![CDATA[ Copyright Bristol Hotel. Cerrito 286 (C1010AAF) Buenos Aires � Argentine. Phone: (54-11) 5252-6400]]></footerInfo>
	</config>
	
	<navigation>
		<link name="HOME" module="modules/slideshow/slideshow.swf" data="modules/slideshow/slideshow_en.xml" background="images/home2.jpg">
			<sublink name="VERSION ESPANOL" module="url" data="index.html" />
		</link>
		<link name="THE HOTEL" module="modules/hotel/hotel.swf" data="modules/hotel/hotel_en.xml" background="images/hotel2.jpg" >
			<sublink name="OUR ORGANIZATION" module="modules/hotel/hotel.swf" data="modules/hotel/organization.xml" background="images/hotel2.jpg" />
			<sublink name="LOCATION" module="url" data="http://www.sitiodigital.com/clientes/bristol3/location.html" window="_blank" />
		</link>
		<link name="GUESTROOMS" module="modules/habitaciones/hab.swf" data="modules/habitaciones/guestrooms.xml" background="images/habitaciones.jpg">
			<sublink name="DOUBLE" module="modules/galleries-scrolling/gallery-scrolling.swf" data="modules/galleries-scrolling/double.xml" background="images/habitaciones.jpg" />
			<sublink name="TRIPLE" module="modules/galleries-scrolling/gallery-scrolling.swf" data="modules/galleries-scrolling/triple_en.xml" background="images/habitaciones.jpg" />
			<sublink name="DE-LUXE SUITE" module="modules/galleries-scrolling/gallery-scrolling.swf" data="modules/galleries-scrolling/suite_en.xml" background="images/habitaciones.jpg" />
			<sublink name="RESERVATIONS" module="url" data="booking_esp.html" window="_blank" />
		</link>
		<link name="SALONS" module="modules/salon/salon.swf" data="modules/salon/salons.xml" background="images/salones2.jpg">
			<sublink name="OBELISCO SALON" module="modules/salon/salon.swf" data="modules/salon/obelisco_salon.xml" background="images/salones2.jpg" />
			<sublink name="9 DE JULIO SALON" module="modules/salon/salon.swf" data="modules/salon/9_de_julio_salon.xml" background="images/promos.jpg" />
		</link>
		<link name="FACILITIES" module="modules/servicios/servicios.swf" data="modules/servicios/facilities.xml" background="images/servicios2.jpg">
			<sublink name="BAR-COFFEE SHOP" module="modules/galleries-scrolling/gallery-scrolling.swf" data="modules/galleries-scrolling/bar_en.xml" background="images/servicios2.jpg" />
			<sublink name="RESTAURANT" module="modules/galleries-scrolling/gallery-scrolling.swf" data="modules/galleries-scrolling/resto_en.xml" background="images/resto.jpg" />
			<sublink name="GYM" module="modules/galleries-scrolling/gallery-scrolling.swf" data="modules/galleries-scrolling/gym_en.xml" background="images/gym.jpg" />
			<sublink name="OBELISCO SALON" module="modules/salon/salon.swf" data="modules/salon/obelisco_salon.xml" background="images/salones2.jpg" />
			<sublink name="9 DE JULIO SALON" module="modules/salon/salon.swf" data="modules/salon/9_de_julio_salon.xml" background="images/promos.jpg" />
			<sublink name="TOURISM" module="modules/turismo/turismo.swf" data="modules/turismo/tourism.xml" background="images/turismo.jpg" /> 
		</link>
		<link name="PHOTOS" module="modules/galleries-traditional/gallery-traditional.swf" data="modules/galleries-traditional/animals.xml" background="images/fotos2.jpg" />
		<link name="PROMOTIONS" module="modules/promos/promos.swf" data="modules/promos/promos.xml" background="images/promos.jpg"/>
		<link name="RESERVATIONS" module="url" data="booking_esp.html" window="_blank" />
		<link name="CONTACT" module="modules/contact/contact_en.swf" data="modules/contact/contact_en.xml" background="images/home3.jpg" >
			<sublink name="LOCATION" module="url" data="http://www.sitiodigital.com/clientes/bristol3/location.html" window="_blank" />
			<sublink name="RESERVATIONS" module="url" data="http://www.hotelbristol.com.ar/booking_esp.html" window="_blank" />
			<sublink name="TOURISM" module="modules/turismo/turismo.swf" data="modules/turismo/tourism.xml" background="images/turismo.jpg" />

		</link>
		<link name="BLOG" module="url" data="http://www.sitiodigital.com/bristol/" window="_blank" />
	</navigation>
	
</main>