<?xml version="1.0" encoding="utf-8"?>
<main>
	
	<config>
		<mods 
			
		navPadding="18" 
		myLogo = "images/logo.png" 
		backgroundMusic = "yes"
		myMusic = "audio/musica.mp3"
		
		navActiveColor = "0x333333"
		navRollOverColor = "0xffffff"
		
		navBGOutlineColor = "0xF6E356"
		navBGtopGradientColor = "0xF6E356"
		navBGbottomGradientColor = "0x9B9557"
		
		subnavActiveColor = "0xcccccc"
		subnavRollOverColor = "0xF6E356"
		
		subnavBGOutlineColor = "0x666666"
		subnavBGtopGradientColor = "0x333333"
		subnavBGbottomGradientColor = "0x121212"
		
		footerColor = "0x000000"
		navFontSize = "9"
		subnavFontSize = "8"
		logoX = "25"
		logoY = "20"
		
		/>
		<footerInfo><![CDATA[ Copyright Bristol Hotel. Cerrito 286 (C1010AAF) Buenos Aires � Argentina Tel.: (54-11) 5252-6400]]></footerInfo>
	</config>
	
	<navigation>
		<link name="HOME" module="modules/slideshow/slideshow.swf" data="modules/slideshow/slideshow.xml" background="images/home2.jpg">
			<sublink name="ENGLISH VERSION" module="url" data="index_en.html" window="_self"/>
		</link>
		<link name="EL HOTEL" module="modules/hotel/hotel.swf" data="modules/hotel/hotel.xml" background="images/hotel2.jpg" >
			<sublink name="NUESTRA ORGANIZACION" module="modules/hotel/hotel.swf" data="modules/hotel/organizacion.xml" background="images/hotel2.jpg" />
			<sublink name="UBICACION" module="url" data="http://www.sitiodigital.com/clientes/bristol3/ubicacion.htm" window="_blank" />
		</link>
		<link name="HABITACIONES" module="modules/habitaciones/hab.swf" data="modules/habitaciones/habitaciones.xml" background="images/habitaciones.jpg">
			<sublink name="DOBLE" module="modules/galleries-scrolling/gallery-scrolling.swf" data="modules/galleries-scrolling/doble.xml" background="images/habitaciones.jpg" />
			<sublink name="TRIPLE" module="modules/galleries-scrolling/gallery-scrolling.swf" data="modules/galleries-scrolling/triple.xml" background="images/habitaciones.jpg" />
			<sublink name="SUITE DE LUJO" module="modules/galleries-scrolling/gallery-scrolling.swf" data="modules/galleries-scrolling/suite.xml" background="images/habitaciones.jpg" />
			<sublink name="RESERVAS" module="url" data="booking_esp.html" window="_blank" />
		</link>
		<link name="SALONES" module="modules/salon/salon.swf" data="modules/salon/salon.xml" background="images/salones2.jpg">
			<sublink name="SALON OBELISCO" module="modules/salon/salon.swf" data="modules/salon/salon_obelisco.xml" background="images/salones2.jpg" />
			<sublink name="SALON 9 DE JULIO" module="modules/salon/salon.swf" data="modules/salon/salon_9_de_julio.xml" background="images/promos.jpg" />
		</link>
		<link name="SERVICIOS" module="modules/servicios/servicios.swf" data="modules/servicios/servicios.xml" background="images/servicios2.jpg">
			<sublink name="BAR" module="modules/galleries-scrolling/gallery-scrolling.swf" data="modules/galleries-scrolling/gallery_bar.xml" background="images/servicios2.jpg" />
			<sublink name="RESTAURANTE" module="modules/galleries-scrolling/gallery-scrolling.swf" data="modules/galleries-scrolling/gallery_resto.xml" background="images/resto.jpg" />
			<sublink name="GIMNASIO" module="modules/galleries-scrolling/gallery-scrolling.swf" data="modules/galleries-scrolling/gallery_gym.xml" background="images/gym.jpg" />
			<sublink name="SALON OBELISCO" module="modules/salon/salon.swf" data="modules/salon/salon_obelisco.xml" background="images/salones2.jpg" />
			<sublink name="SALON 9 DE JULIO" module="modules/salon/salon.swf" data="modules/salon/salon_9_de_julio.xml" background="images/promos.jpg" />
			<sublink name="TURISMO" module="modules/turismo/turismo.swf" data="modules/turismo/turismo.xml" background="images/turismo.jpg" /> 
		</link>
		<link name="FOTOS" module="modules/galleries-traditional/gallery-traditional.swf" data="modules/galleries-traditional/animals.xml" background="images/fotos2.jpg" />
		<link name="PROMOCIONES" module="modules/promos/promos.swf" data="modules/promos/promos.xml" background="images/promos.jpg"/>
		<link name="RESERVAS" module="url" data="booking_esp.html" window="_blank" />
		<link name="CONTACTO" module="modules/contact/contact.swf" data="modules/contact/contactinfo.xml" background="images/home3.jpg" >
			<sublink name="UBICACION" module="url" data="http://www.sitiodigital.com/clientes/bristol3/ubicacion.htm" window="_blank" />
			<sublink name="RESERVAS" module="url" data="http://www.hotelbristol.com.ar/booking_esp.html" window="_blank" />
			<sublink name="TURISMO" module="modules/turismo/turismo.swf" data="modules/turismo/turismo.xml" background="images/turismo.jpg" />

		</link>
		<link name="BLOG" module="url" data="http://www.sitiodigital.com/bristol/" window="_blank" />
	</navigation>
	
</main>