<?xml version="1.0" encoding="utf-8"?>
<slideshow 
	speed="7" 
	fadeInSpeed="2" 
	fadeOutSpeed="1" 
	captions="on" 
	links="off"
	buttons="on" 
	>
	<slide>
		<asset>bristol.jpg</asset>
		<caption><![CDATA[BRISTOL HOTEL **** Buenos Aires - Argentina]]></caption>
		<url><![CDATA[]]></url>
	</slide>
	<slide>
		<asset>hab2.jpg</asset>
		<caption><![CDATA[HABITACIONES RENOVADAS]]></caption>
		<url><![CDATA[]]></url>
	</slide>
	<slide>
		<asset>salon2.jpg</asset>
		<caption><![CDATA[SALON OBELISCO MULTIUSO]]></caption>
		<url><![CDATA[]]></url>
	</slide>
	<slide>
		<asset>resto2.jpg</asset>
		<caption><![CDATA[PROMOCIONES GASTRONOMICAS]]></caption>
		<url><![CDATA[]]></url>
	</slide>

</slideshow>