<?xml version="1.0" encoding="utf-8"?>
<slideshow 
	speed="7" 
	fadeInSpeed="2" 
	fadeOutSpeed="1" 
	captions="on" 
	links="off"
	buttons="on" 
	>
	<slide>
		<asset>bristol_en.jpg</asset>
		<caption><![CDATA[BRISTOL HOTEL **** Buenos Aires - Argentine]]></caption>
		<url><![CDATA[]]></url>
	</slide>
	<slide>
		<asset>hab_en.jpg</asset>
		<caption><![CDATA[REFURBISHED GUESTROOMS]]></caption>
		<url><![CDATA[]]></url>
	</slide>
	<slide>
		<asset>salon_en.jpg</asset>
		<caption><![CDATA[MULTI-FUNCTIONAL OBELISCO SALON]]></caption>
		<url><![CDATA[]]></url>
	</slide>
	<slide>
		<asset>resto_en.jpg</asset>
		<caption><![CDATA[SAVOURY PROMOTIONS ALL YEAR ROUND]]></caption>
		<url><![CDATA[]]></url>
	</slide>

</slideshow>